Seller_ID,Seller_Name,Seller_Address,Seller_Phone,Seller_Email
10000000000,Divya Stores 0,Divya Stores 200 Feet Street Mulund East 400081,8582914572,DivyaStores0@gmail.com
10000000001,Royal Enterprises 1,Royal Enterprises L. B. S. Marg Grant Road West 400007,8839195979,RoyalEnterprises1@gmail.com
10000000002,Mehboob and Sons 2,Mehboob and Sons Ranade Road Kurla East 400024,8703517587,Mehbooband Sons2@gmail.com
10000000003,J.J Sellers 3,J.J Sellers 1000 Feet Road V. T. West 400001,9155778893,J.JSellers3@gmail.com
10000000004,Deep Traders 4,Deep Traders Mumbra Devi Rasta Grant Road West 400007,7859296482,DeepTraders4@gmail.com
10000000005,Khilauna and Sons 5,Khilauna and Sons Nehru Nagar Dombivli East 421201,7542713567,Khilaunaand Sons5@gmail.com
10000000006,Royal Enterprises 6,Royal Enterprises Mumbra Devi Chowk Grant Road East 400007,9246231155,RoyalEnterprises6@gmail.com
10000000007,Ramesh Distributors 7,Ramesh Distributors Nehru Chowk Nerul West 400706,8944723617,RameshDistributors7@gmail.com
10000000008,Divya Sellers 8,Divya Sellers Nehru Crossing V. T. East 400001,7045226130,DivyaSellers8@gmail.com
10000000009,Patil and Brothers 9,Patil and Brothers Shastri Crossing Kurla East 400024,8793969848,Patiland Brothers9@gmail.com
10000000010,J.J Retailers 10,J.J Retailers Old Cadelle Street Nerul West 400706,9125628139,J.JRetailers10@gmail.com
10000000011,M. G. Stores 11,M. G. Stores L. B. S. Path Vidyavihar East 400706,9140703516,M. G.Stores11@gmail.com
10000000012,Royal Sellers 12,Royal Sellers L. B. S. Nagar Dadar East 400014,8025125627,RoyalSellers12@gmail.com
10000000013,Ramesh Distributors 13,Ramesh Distributors Nehru Crossing Ghatkopar East 400086,9532663315,RameshDistributors13@gmail.com
10000000014,Divya Enterprises 14,Divya Enterprises Devi Path Grant Road East 400007,9005025124,DivyaEnterprises14@gmail.com
10000000015,Mehboob Distributors 15,Mehboob Distributors Mumbra Devi Nagar Mulund East 400081,7964824120,MehboobDistributors15@gmail.com
10000000016,Patil Distributors 16,Patil Distributors 200 Feet Street Thane West 400607,9351758793,PatilDistributors16@gmail.com
10000000017,Pareesha Wholesale Store 17,Pareesha Wholesale Store L. B. S. Nagar Thane West 400607,7482412060,PareeshaWholesale Store17@gmail.com
10000000018,J.J Sellers 18,J.J Sellers 1000 Feet Street Grant Road West 400007,7844221105,J.JSellers18@gmail.com
10000000019,Deep Sellers 19,Deep Sellers Ambedkar Rasta Kurla West 400070,8130653265,DeepSellers19@gmail.com
10000000020,M. G. and Sons 20,M. G. and Sons 200 Feet Chowk Churchgate West 400020,8100502512,M. G.and Sons20@gmail.com
10000000021,Khilauna Distributors 21,Khilauna Distributors L. B. S. Road Grant Road West 400007,8371859296,KhilaunaDistributors21@gmail.com
10000000022,Patil Wholesale and Retail 22,Patil Wholesale and Retail Nehru Path Dombivli West 421202,8356783919,PatilWholesale and Retail22@gmail.com
10000000023,Bhargav Wholesale Store 23,Bhargav Wholesale Store Devi Crossing Mulund West 400080,8778894471,BhargavWholesale Store23@gmail.com
10000000024,J.J Wholesale and Retail 24,J.J Wholesale and Retail Gandhi Marg Vidyavihar East 400080,7391959798,J.JWholesale and Retail24@gmail.com
10000000025,Pareesha Stores 25,Pareesha Stores L. B. S. Rasta V. T. West 400001,9336683416,PareeshaStores25@gmail.com
10000000026,Khilauna Wholesale Store 26,Khilauna Wholesale Store Nehru Crossing Churchgate East 400020,8597989949,KhilaunaWholesale Store26@gmail.com
10000000027,Patil Wholesale and Retail 27,Patil Wholesale and Retail Mumbra Devi Chowk Dombivli West 421202,9517587938,PatilWholesale and Retail27@gmail.com
10000000028,Shravan Traders 28,Shravan Traders L. B. S. Path Chembur West 400071,7286432160,ShravanTraders28@gmail.com
10000000029,Ramesh Khazana 29,Ramesh Khazana Nehru Chowk Grant Road West 400007,7361809045,RameshKhazana29@gmail.com
10000000030,Bhargav Distributors 30,Bhargav Distributors 1000 Feet Street Dadar West 400028,8040201004,BhargavDistributors30@gmail.com
10000000031,Pareesha and Sons 31,Pareesha and Sons 100 Feet Marg Thane East 400603,8040201004,Pareeshaand Sons31@gmail.com
10000000032,Deep Sellers 32,Deep Sellers Old Cadelle Marg V. T. West 400001,9562814069,DeepSellers32@gmail.com
10000000033,Royal and Brothers 33,Royal and Brothers 200 Feet Street Kurla East 400024,7467336683,Royaland Brothers33@gmail.com
10000000034,Khilauna Distributors 34,Khilauna Distributors Devi Street Vidyavihar East 400024,9999999999,KhilaunaDistributors34@gmail.com
10000000035,M. G. Distributors 35,M. G. Distributors Old Cadelle Path Churchgate West 400020,7226130653,M. G.Distributors35@gmail.com
10000000036,J.J and Brothers 36,J.J and Brothers L. B. S. Road Chembur East 400089,9653266330,J.Jand Brothers36@gmail.com
10000000037,Divya Distributors 37,Divya Distributors Old Cadelle Marg Thane East 400603,8763819094,DivyaDistributors37@gmail.com
10000000038,Patil Stores 38,Patil Stores Gandhi Nagar Thane East 400603,9396984923,PatilStores38@gmail.com
10000000039,Ramesh Sellers 39,Ramesh Sellers 200 Feet Rasta Ghatkopar West 400086,8025125627,RameshSellers39@gmail.com
10000000040,Divya Distributors 40,Divya Distributors 200 Feet Rasta Grant Road West 400007,7045226130,DivyaDistributors40@gmail.com
10000000041,Royal Enterprises 41,Royal Enterprises Devi Road V. T. West 400001,7376884421,RoyalEnterprises41@gmail.com
10000000042,Divya Traders 42,Divya Traders 200 Feet Chowk Dadar East 400014,8447236180,DivyaTraders42@gmail.com
10000000043,Khilauna and Brothers 43,Khilauna and Brothers Mumbra Devi Crossing Grant Road East 400007,8824120602,Khilaunaand Brothers43@gmail.com
10000000044,Bhargav and Sons 44,Bhargav and Sons 200 Feet Chowk Dombivli West 421202,8809045225,Bhargavand Sons44@gmail.com
10000000045,M. G. Retailers 45,M. G. Retailers L. B. S. Rasta Mulund West 400080,8703517587,M. G.Retailers45@gmail.com
10000000046,Pareesha Wholesale Store 46,Pareesha Wholesale Store Shastri Rasta Grant Road East 400007,9969849245,PareeshaWholesale Store46@gmail.com
10000000047,Ramesh Wholesale and Retail 47,Ramesh Wholesale and Retail Shastri Path Thane West 400607,8869346733,RameshWholesale and Retail47@gmail.com
10000000048,Bhargav Wholesalers 48,Bhargav Wholesalers Gandhi Road Grant Road West 400007,7904522612,BhargavWholesalers48@gmail.com
10000000049,Ramesh Khazana 49,Ramesh Khazana Ranade Marg Mulund West 400080,8190954773,RameshKhazana49@gmail.com
10000000050,M. G. Wholesalers 50,M. G. Wholesalers Ranade Crossing Vidyavihar West 400086,8703517587,M. G.Wholesalers50@gmail.com
10000000051,Mehboob and Sons 51,Mehboob and Sons Gandhi Marg Nerul West 400706,7572864321,Mehbooband Sons51@gmail.com
10000000052,M. G. Enterprises 52,M. G. Enterprises Gandhi Marg Kurla East 400024,7195979899,M. G.Enterprises52@gmail.com
10000000053,Divya Wholesale and Retail 53,Divya Wholesale and Retail Nehru Chowk Thane East 400603,7527638190,DivyaWholesale and Retail53@gmail.com
10000000054,Royal Traders 54,Royal Traders L. B. S. Marg Thane West 400607,7738693467,RoyalTraders54@gmail.com
10000000055,J.J Enterprises 55,J.J Enterprises Gandhi Path Thane West 400607,7361809045,J.JEnterprises55@gmail.com
10000000056,Shravan Traders 56,Shravan Traders L. B. S. Path Nerul East 400706,9819095476,ShravanTraders56@gmail.com
10000000057,Mehboob Wholesale and Retail 57,Mehboob Wholesale and Retail L. B. S. Path Thane East 400603,7844221105,MehboobWholesale and Retail57@gmail.com
10000000058,Bhargav and Sons 58,Bhargav and Sons Mumbra Devi Marg Vidyavihar East 400603,8175879396,Bhargavand Sons58@gmail.com
10000000059,Patil Traders 59,Patil Traders Shastri Path Grant Road West 400007,8748743718,PatilTraders59@gmail.com
10000000060,M. G. Retailers 60,M. G. Retailers Ambedkar Crossing Dombivli West 421202,7542713567,M. G.Retailers60@gmail.com
10000000061,Bhargav Retailers 61,Bhargav Retailers Mumbra Devi Crossing Grant Road West 400007,7316582914,BhargavRetailers61@gmail.com
10000000062,M. G. Distributors 62,M. G. Distributors Ranade Crossing Thane East 400603,8085427135,M. G.Distributors62@gmail.com
10000000063,Mehboob Distributors 63,Mehboob Distributors 200 Feet Marg Chembur West 400071,8673366833,MehboobDistributors63@gmail.com
10000000064,Bhargav Sellers 64,Bhargav Sellers Old Cadelle Crossing Kurla West 400070,7331658291,BhargavSellers64@gmail.com
10000000065,Mehboob Khazana 65,Mehboob Khazana Shastri Road Chembur West 400071,9170854270,MehboobKhazana65@gmail.com
10000000066,Bhargav Wholesale and Retail 66,Bhargav Wholesale and Retail Shastri Rasta Grant Road East 400007,9170854270,BhargavWholesale and Retail66@gmail.com
10000000067,J.J Enterprises 67,J.J Enterprises 100 Feet Crossing Dombivli East 421201,9638190953,J.JEnterprises67@gmail.com
10000000068,Khilauna Sellers 68,Khilauna Sellers Shastri Crossing Kurla West 400070,9110552763,KhilaunaSellers68@gmail.com
10000000069,Royal and Sons 69,Royal and Sons Ambedkar Path Dombivli West 421202,7226130653,Royaland Sons69@gmail.com
10000000070,Royal Sellers 70,Royal Sellers 100 Feet Nagar Grant Road West 400007,7814070351,RoyalSellers70@gmail.com
10000000071,J.J and Sons 71,J.J and Sons Ranade Path Churchgate East 400020,7030150753,J.Jand Sons71@gmail.com
10000000072,Divya Enterprises 72,Divya Enterprises Devi Chowk Dombivli West 421202,7452261306,DivyaEnterprises72@gmail.com
10000000073,Deep and Sons 73,Deep and Sons Devi Path V. T. East 400001,7075376884,Deepand Sons73@gmail.com
10000000074,Deep Distributors 74,Deep Distributors Shastri Marg Chembur East 400089,8522613064,DeepDistributors74@gmail.com
10000000075,Mehboob Stores 75,Mehboob Stores Gandhi Marg Churchgate East 400020,7422110552,MehboobStores75@gmail.com
10000000076,Deep Retailers 76,Deep Retailers Nehru Path Kurla West 400070,9201005024,DeepRetailers76@gmail.com
10000000077,M. G. and Brothers 77,M. G. and Brothers Mumbra Devi Chowk V. T. West 400001,9804020099,M. G.and Brothers77@gmail.com
10000000078,Mehboob Enterprises 78,Mehboob Enterprises 200 Feet Path Vidyavihar West 400086,8507537687,MehboobEnterprises78@gmail.com
10000000079,Shravan and Brothers 79,Shravan and Brothers Shastri Marg Ghatkopar West 400086,9246231155,Shravanand Brothers79@gmail.com
10000000080,Patil Khazana 80,Patil Khazana Mumbra Devi Rasta Grant Road West 400007,7105527638,PatilKhazana80@gmail.com
10000000081,J.J Wholesalers 81,J.J Wholesalers Ambedkar Nagar Dombivli East 421201,9517587938,J.JWholesalers81@gmail.com
10000000082,Bhargav Khazana 82,Bhargav Khazana Ambedkar Path Vidyavihar West 400086,7000000000,BhargavKhazana82@gmail.com
10000000083,Divya Retailers 83,Divya Retailers Shastri Path Ghatkopar East 400086,9773869345,DivyaRetailers83@gmail.com
10000000084,Divya and Sons 84,Divya and Sons Shastri Marg Churchgate East 400020,7874371859,Divyaand Sons84@gmail.com
10000000085,Divya and Sons 85,Divya and Sons 200 Feet Chowk Dombivli West 421202,7753768843,Divyaand Sons85@gmail.com
10000000086,Ramesh Wholesale Store 86,Ramesh Wholesale Store Ambedkar Nagar Dadar East 400014,9984924622,RameshWholesale Store86@gmail.com
10000000087,Ramesh Distributors 87,Ramesh Distributors L. B. S. Marg Kurla East 400024,8010050250,RameshDistributors87@gmail.com
10000000088,Ramesh Wholesale Store 88,Ramesh Wholesale Store Gandhi Marg Chembur West 400071,7482412060,RameshWholesale Store88@gmail.com
10000000089,J.J Khazana 89,J.J Khazana Shastri Chowk Thane West 400607,7482412060,J.JKhazana89@gmail.com
10000000090,Pareesha Sellers 90,Pareesha Sellers Gandhi Nagar Thane West 400607,7934673366,PareeshaSellers90@gmail.com
10000000091,Khilauna Sellers 91,Khilauna Sellers Old Cadelle Rasta Vidyavihar West 400086,7527638190,KhilaunaSellers91@gmail.com
10000000092,Mehboob Wholesale Store 92,Mehboob Wholesale Store Ranade Nagar Dombivli West 421202,9788944722,MehboobWholesale Store92@gmail.com
10000000093,Patil and Sons 93,Patil and Sons Ranade Street Mulund West 400080,8417085426,Patiland Sons93@gmail.com
10000000094,Mehboob Stores 94,Mehboob Stores Devi Marg Dadar East 400014,9743718592,MehboobStores94@gmail.com
10000000095,Deep and Sons 95,Deep and Sons 100 Feet Path Churchgate West 400020,8477386934,Deepand Sons95@gmail.com
10000000096,Khilauna Wholesale Store 96,Khilauna Wholesale Store Shastri Chowk Nerul East 400706,7090452261,KhilaunaWholesale Store96@gmail.com
10000000097,M. G. Wholesale and Retail 97,M. G. Wholesale and Retail Mumbra Devi Marg Kurla East 400024,9698492461,M. G.Wholesale and Retail97@gmail.com
10000000098,Bhargav and Sons 98,Bhargav and Sons Mumbra Devi Path Dadar West 400028,8085427135,Bhargavand Sons98@gmail.com
10000000099,Royal and Brothers 99,Royal and Brothers Ambedkar Nagar Dadar West 400028,9487437185,Royaland Brothers99@gmail.com
10000000100,Bhargav Stores 100,Bhargav Stores Mumbra Devi Rasta Dombivli West 421202,9608040200,BhargavStores100@gmail.com
10000000101,M. G. Retailers 101,M. G. Retailers Ranade Nagar Nerul East 400706,7814070351,M. G.Retailers101@gmail.com
10000000102,Royal Stores 102,Royal Stores Devi Chowk Grant Road East 400007,9653266330,RoyalStores102@gmail.com
10000000103,M. G. and Brothers 103,M. G. and Brothers 1000 Feet Street Dadar East 400014,9005025124,M. G.and Brothers103@gmail.com
10000000104,M. G. Enterprises 104,M. G. Enterprises Ambedkar Rasta Mulund East 400081,8688442210,M. G.Enterprises104@gmail.com
10000000105,Pareesha and Brothers 105,Pareesha and Brothers 200 Feet Marg Dombivli West 421202,8341708542,Pareeshaand Brothers105@gmail.com
10000000106,Mehboob Wholesale and Retail 106,Mehboob Wholesale and Retail L. B. S. Path Thane West 400607,8160804019,MehboobWholesale and Retail106@gmail.com
10000000107,Bhargav Wholesale and Retail 107,Bhargav Wholesale and Retail 200 Feet Crossing Nerul West 400706,9773869345,BhargavWholesale and Retail107@gmail.com
10000000108,Shravan Distributors 108,Shravan Distributors Ambedkar Marg Ghatkopar East 400086,8507537687,ShravanDistributors108@gmail.com
10000000109,Mehboob Wholesale Store 109,Mehboob Wholesale Store 100 Feet Nagar Vidyavihar East 400086,9713567838,MehboobWholesale Store109@gmail.com
10000000110,Pareesha Stores 110,Pareesha Stores Mumbra Devi Crossing Chembur East 400089,8507537687,PareeshaStores110@gmail.com
10000000111,Bhargav Retailers 111,Bhargav Retailers Ambedkar Crossing V. T. West 400001,9396984923,BhargavRetailers111@gmail.com
10000000112,Ramesh Retailers 112,Ramesh Retailers Old Cadelle Street Kurla East 400024,8175879396,RameshRetailers112@gmail.com
10000000113,Mehboob Traders 113,Mehboob Traders 100 Feet Marg V. T. East 400001,8085427135,MehboobTraders113@gmail.com
10000000114,Divya Stores 114,Divya Stores Gandhi Street Mulund East 400081,9336683416,DivyaStores114@gmail.com
10000000115,M. G. Wholesale Store 115,M. G. Wholesale Store Mumbra Devi Crossing Nerul West 400706,8839195979,M. G.Wholesale Store115@gmail.com
10000000116,Bhargav and Brothers 116,Bhargav and Brothers Old Cadelle Path Churchgate East 400020,8100502512,Bhargavand Brothers116@gmail.com
10000000117,Khilauna Retailers 117,Khilauna Retailers 100 Feet Rasta Churchgate West 400020,7798994974,KhilaunaRetailers117@gmail.com
10000000118,Shravan Distributors 118,Shravan Distributors 1000 Feet Crossing Dadar East 400014,9125628139,ShravanDistributors118@gmail.com
10000000119,J.J Distributors 119,J.J Distributors Shastri Path V. T. East 400001,8778894471,J.JDistributors119@gmail.com
10000000120,Ramesh Stores 120,Ramesh Stores Shastri Marg Vidyavihar West 400086,7105527638,RameshStores120@gmail.com
10000000121,Divya Wholesale and Retail 121,Divya Wholesale and Retail 1000 Feet Marg Dadar East 400014,9110552763,DivyaWholesale and Retail121@gmail.com
10000000122,Shravan Retailers 122,Shravan Retailers 200 Feet Street Chembur West 400071,9532663315,ShravanRetailers122@gmail.com
10000000123,Ramesh Wholesalers 123,Ramesh Wholesalers 1000 Feet Crossing Chembur East 400089,8688442210,RameshWholesalers123@gmail.com
10000000124,Royal Enterprises 124,Royal Enterprises L. B. S. Road Thane West 400607,8884422109,RoyalEnterprises124@gmail.com
10000000125,Divya Wholesale and Retail 125,Divya Wholesale and Retail 200 Feet Nagar Nerul West 400706,9442211054,DivyaWholesale and Retail125@gmail.com
10000000126,Pareesha Enterprises 126,Pareesha Enterprises Nehru Road Vidyavihar West 400086,9216080401,PareeshaEnterprises126@gmail.com
10000000127,Shravan Wholesale Store 127,Shravan Wholesale Store Mumbra Devi Rasta Chembur East 400089,8809045225,ShravanWholesale Store127@gmail.com
10000000128,Bhargav Distributors 128,Bhargav Distributors Nehru Path Nerul West 400706,7120603015,BhargavDistributors128@gmail.com
10000000129,M. G. Wholesalers 129,M. G. Wholesalers Shastri Rasta Nerul East 400706,8130653265,M. G.Wholesalers129@gmail.com
10000000130,M. G. Retailers 130,M. G. Retailers Gandhi Road Dadar West 400028,9517587938,M. G.Retailers130@gmail.com
10000000131,Deep Distributors 131,Deep Distributors Old Cadelle Path Grant Road West 400007,8929648240,DeepDistributors131@gmail.com
10000000132,Patil Traders 132,Patil Traders Gandhi Nagar Dadar West 400028,9683417084,PatilTraders132@gmail.com
10000000133,M. G. Stores 133,M. G. Stores Mumbra Devi Marg Mulund East 400081,8311557788,M. G.Stores133@gmail.com
10000000134,Patil Retailers 134,Patil Retailers Nehru Street Chembur West 400071,9909547737,PatilRetailers134@gmail.com
10000000135,M. G. Enterprises 135,M. G. Enterprises Nehru Chowk Nerul East 400706,9110552763,M. G.Enterprises135@gmail.com
10000000136,J.J Distributors 136,J.J Distributors Ranade Rasta Chembur West 400071,8643216079,J.JDistributors136@gmail.com
10000000137,M. G. Wholesalers 137,M. G. Wholesalers Gandhi Chowk Ghatkopar West 400086,9894472360,M. G.Wholesalers137@gmail.com
10000000138,M. G. Wholesalers 138,M. G. Wholesalers 200 Feet Crossing Dombivli West 421202,9819095476,M. G.Wholesalers138@gmail.com
10000000139,Pareesha Wholesale and Retail 139,Pareesha Wholesale and Retail Mumbra Devi Rasta Ghatkopar West 400086,7407035175,PareeshaWholesale and Retail139@gmail.com
10000000140,Shravan Khazana 140,Shravan Khazana Devi Street Ghatkopar West 400086,7271356783,ShravanKhazana140@gmail.com
10000000141,Khilauna Stores 141,Khilauna Stores Devi Rasta Thane West 400607,9773869345,KhilaunaStores141@gmail.com
10000000142,Royal Khazana 142,Royal Khazana Old Cadelle Marg Grant Road West 400007,9954773868,RoyalKhazana142@gmail.com
10000000143,Khilauna Distributors 143,Khilauna Distributors 100 Feet Street Kurla West 400070,9170854270,KhilaunaDistributors143@gmail.com
10000000144,Royal Distributors 144,Royal Distributors Ambedkar Street Chembur East 400089,7678391959,RoyalDistributors144@gmail.com
10000000145,Bhargav Stores 145,Bhargav Stores Old Cadelle Rasta Ghatkopar West 400086,9140703516,BhargavStores145@gmail.com
10000000146,Pareesha Traders 146,Pareesha Traders Shastri Chowk V. T. West 400001,8763819094,PareeshaTraders146@gmail.com
10000000147,J.J Sellers 147,J.J Sellers 200 Feet Nagar Chembur East 400089,7527638190,J.JSellers147@gmail.com
10000000148,Mehboob Stores 148,Mehboob Stores Nehru Marg Vidyavihar West 400086,7934673366,MehboobStores148@gmail.com
10000000149,Divya Khazana 149,Divya Khazana Gandhi Nagar V. T. West 400001,8115577889,DivyaKhazana149@gmail.com
10000000150,Shravan Stores 150,Shravan Stores Ambedkar Street Churchgate West 400020,7437185929,ShravanStores150@gmail.com
10000000151,J.J Wholesale and Retail 151,J.J Wholesale and Retail Devi Rasta Churchgate West 400020,9487437185,J.JWholesale and Retail151@gmail.com
10000000152,Divya Wholesale and Retail 152,Divya Wholesale and Retail L. B. S. Rasta Thane East 400603,9005025124,DivyaWholesale and Retail152@gmail.com
10000000153,Pareesha Wholesalers 153,Pareesha Wholesalers Devi Path Thane West 400607,9291457285,PareeshaWholesalers153@gmail.com
10000000154,Patil Wholesale and Retail 154,Patil Wholesale and Retail Old Cadelle Rasta Churchgate East 400020,8628140702,PatilWholesale and Retail154@gmail.com
10000000155,Deep Wholesalers 155,Deep Wholesalers Shastri Street Grant Road West 400007,8899497486,DeepWholesalers155@gmail.com
10000000156,J.J Wholesalers 156,J.J Wholesalers 1000 Feet Nagar Nerul West 400706,8326633165,J.JWholesalers156@gmail.com
10000000157,Shravan Wholesale Store 157,Shravan Wholesale Store Ambedkar Chowk Ghatkopar West 400086,8537688441,ShravanWholesale Store157@gmail.com
10000000158,Shravan and Brothers 158,Shravan and Brothers Devi Street Thane West 400607,7949748743,Shravanand Brothers158@gmail.com
10000000159,Ramesh and Sons 159,Ramesh and Sons Gandhi Street Ghatkopar West 400086,9080402009,Rameshand Sons159@gmail.com
10000000160,Divya Stores 160,Divya Stores Ambedkar Crossing Dombivli East 421201,9427135677,DivyaStores160@gmail.com
10000000161,Mehboob Traders 161,Mehboob Traders Old Cadelle Rasta Dadar West 400028,9924623114,MehboobTraders161@gmail.com
10000000162,Deep Wholesale Store 162,Deep Wholesale Store Mumbra Devi Crossing V. T. East 400001,8055276381,DeepWholesale Store162@gmail.com
10000000163,J.J and Sons 163,J.J and Sons Ranade Marg Ghatkopar West 400086,9788944722,J.Jand Sons163@gmail.com
10000000164,Ramesh Khazana 164,Ramesh Khazana Ranade Crossing Dadar West 400028,9683417084,RameshKhazana164@gmail.com
10000000165,Pareesha Stores 165,Pareesha Stores Nehru Nagar Dadar West 400028,9804020099,PareeshaStores165@gmail.com
10000000166,Pareesha Sellers 166,Pareesha Sellers Old Cadelle Crossing Thane East 400603,7422110552,PareeshaSellers166@gmail.com
10000000167,Bhargav Wholesale Store 167,Bhargav Wholesale Store Shastri Street Churchgate West 400020,9502512561,BhargavWholesale Store167@gmail.com
10000000168,Khilauna Wholesale Store 168,Khilauna Wholesale Store 1000 Feet Marg V. T. West 400001,8854271356,KhilaunaWholesale Store168@gmail.com
10000000169,J.J Sellers 169,J.J Sellers Shastri Crossing Dombivli East 421201,7060301507,J.JSellers169@gmail.com
10000000170,Bhargav Stores 170,Bhargav Stores 200 Feet Road Nerul East 400706,9773869345,BhargavStores170@gmail.com
10000000171,Patil Wholesale Store 171,Patil Wholesale Store Mumbra Devi Nagar Vidyavihar West 400086,8417085426,PatilWholesale Store171@gmail.com
10000000172,Divya Retailers 172,Divya Retailers L. B. S. Rasta Dadar West 400028,9728643215,DivyaRetailers172@gmail.com
10000000173,Khilauna and Sons 173,Khilauna and Sons Old Cadelle Marg Dadar West 400028,8688442210,Khilaunaand Sons173@gmail.com
10000000174,Bhargav Wholesale and Retail 174,Bhargav Wholesale and Retail 200 Feet Chowk Chembur East 400089,8371859296,BhargavWholesale and Retail174@gmail.com
10000000175,Ramesh Sellers 175,Ramesh Sellers Ambedkar Marg Kurla West 400070,7814070351,RameshSellers175@gmail.com
10000000176,Shravan and Brothers 176,Shravan and Brothers Gandhi Nagar V. T. West 400001,8839195979,Shravanand Brothers176@gmail.com
10000000177,Deep and Brothers 177,Deep and Brothers 200 Feet Road Ghatkopar West 400086,7407035175,Deepand Brothers177@gmail.com
10000000178,Ramesh Wholesale Store 178,Ramesh Wholesale Store 1000 Feet Path Dadar East 400014,9698492461,RameshWholesale Store178@gmail.com
10000000179,Shravan Wholesale Store 179,Shravan Wholesale Store Nehru Crossing Thane West 400607,8160804019,ShravanWholesale Store179@gmail.com
10000000180,J.J Sellers 180,J.J Sellers Ambedkar Nagar Chembur West 400071,7226130653,J.JSellers180@gmail.com
10000000181,M. G. and Sons 181,M. G. and Sons Gandhi Path Churchgate East 400020,7994974874,M. G.and Sons181@gmail.com
10000000182,Pareesha Stores 182,Pareesha Stores 100 Feet Path Dombivli East 421201,7633165828,PareeshaStores182@gmail.com
10000000183,Divya and Sons 183,Divya and Sons Nehru Chowk Nerul East 400706,9095477386,Divyaand Sons183@gmail.com
10000000184,Shravan Wholesale Store 184,Shravan Wholesale Store 100 Feet Crossing Vidyavihar East 400706,9020100501,ShravanWholesale Store184@gmail.com
10000000185,J.J Retailers 185,J.J Retailers Shastri Path V. T. East 400001,8251256280,J.JRetailers185@gmail.com
10000000186,Patil Wholesalers 186,Patil Wholesalers Ranade Road Grant Road East 400007,9577889446,PatilWholesalers186@gmail.com
10000000187,Deep Distributors 187,Deep Distributors 200 Feet Chowk Vidyavihar East 400007,7000000000,DeepDistributors187@gmail.com
10000000188,M. G. Stores 188,M. G. Stores L. B. S. Nagar Dadar East 400014,8522613064,M. G.Stores188@gmail.com
10000000189,Deep and Brothers 189,Deep and Brothers Ambedkar Road Churchgate East 400020,8778894471,Deepand Brothers189@gmail.com
10000000190,Pareesha Sellers 190,Pareesha Sellers 100 Feet Marg Kurla West 400070,8673366833,PareeshaSellers190@gmail.com
10000000191,Shravan Enterprises 191,Shravan Enterprises Devi Path Thane West 400607,7738693467,ShravanEnterprises191@gmail.com
10000000192,Patil Wholesale Store 192,Patil Wholesale Store 1000 Feet Nagar Grant Road West 400007,8733668341,PatilWholesale Store192@gmail.com
10000000193,J.J and Brothers 193,J.J and Brothers L. B. S. Crossing Dombivli West 421202,7090452261,J.Jand Brothers193@gmail.com
10000000194,Patil Wholesale Store 194,Patil Wholesale Store Gandhi Marg Nerul East 400706,9758793968,PatilWholesale Store194@gmail.com
10000000195,Pareesha Sellers 195,Pareesha Sellers Ambedkar Path Dombivli East 421201,8281407034,PareeshaSellers195@gmail.com
10000000196,Deep Wholesale and Retail 196,Deep Wholesale and Retail L. B. S. Nagar Chembur East 400089,8236180904,DeepWholesale and Retail196@gmail.com
10000000197,Bhargav Sellers 197,Bhargav Sellers Devi Crossing Nerul West 400706,7301507537,BhargavSellers197@gmail.com
10000000198,Deep Khazana 198,Deep Khazana 100 Feet Street Grant Road West 400007,9849246230,DeepKhazana198@gmail.com
10000000199,Patil Enterprises 199,Patil Enterprises 1000 Feet Street Grant Road West 400007,9909547737,PatilEnterprises199@gmail.com
